<?xml version="1.0" encoding="UTF-8"?>
<!DOCTYPE beans PUBLIC "-//SPRING//DTD BEAN//EN" "http://www.springframework.org/dtd/spring-beans.dtd">
<beans>
	<bean id="monitorAgentJob"
        class="com.zyzhou.agent.MonitorAgent"/>
    <bean id="monitorAgentJobDetail"
        class="org.springframework.scheduling.quartz.MethodInvokingJobDetailFactoryBean">
        <property name="targetObject" ref="monitorAgentJob" />
        <property name="targetMethod" value="run" />
        <property name="concurrent" value="false" />
    </bean>
    <bean id="cronMonitorTrigger"
        class="org.springframework.scheduling.quartz.CronTriggerBean">
        <property name="jobDetail" ref="monitorAgentJobDetail" />
        <property name="cronExpression">
            <value>0 0/1 * * * ?</value>
        </property>
    </bean>
	<bean id="schedulerFactory" lazy-init="false" autowire="no"
		class="org.springframework.scheduling.quartz.SchedulerFactoryBean">
		<property name="triggers">
			<list>
				<ref local="cronMonitorTrigger" />
			</list>
		</property>
	</bean>
</beans>
