<?xml version="1.0" encoding="UTF-8"?>

	<MonitorConfig>
		<deviceMailAddr>monitor_agent001@126.com</deviceMailAddr>
		<deviceId>A-001</deviceId>
		<masterMailAddr>sivi_controller@126.com</masterMailAddr>
		<signature>i4mfgtsKZ4K1BIHDONKGLFEuOlen</signature>
		
		
		<mailSmtpHost>smtp.126.com</mailSmtpHost>
		<mailTransportProtocol>smtp</mailTransportProtocol>
		<mailSmtpPort>25</mailSmtpPort>
		<mailSmtpAuth>true</mailSmtpAuth>
		<mailDebug>false</mailDebug>
		
		
		<mailStoreHost>pop.126.com</mailStoreHost>
		<mailStoreProtocol>pop3</mailStoreProtocol>
		<mailStorePort>110</mailStorePort>
		
		<soTimeout>60000</soTimeout>
		<connectionTimeout>60000</connectionTimeout>
	
	
		<mailUser>monitor_agent001</mailUser>
		<mailPassword>T78901</mailPassword>
		
		<photoPath>/home/pi/tanjpg/image.jpg</photoPath>
		<temperatureCmd>sudo python /home/pi/TH.py</temperatureCmd>
		<photoCmd>sudo /home/pi/takephoto.sh</photoCmd>
		<lightOnCmd>sudo python /home/pi/lighton.py</lightOnCmd>
		<lightOffCmd>sudo python /home/pi/lightoff.py</lightOffCmd>
	</MonitorConfig>
