﻿<?xml version="1.0" encoding="UTF-8"?>
<!DOCTYPE log4j:configuration SYSTEM "log4j.dtd">
<log4j:configuration xmlns:log4j="http://jakarta.apache.org/log4j/">
	<!-- 配置控制台输出器  -->
	<appender name="STDOUT" class="org.apache.log4j.ConsoleAppender">
		<param name="threshold" value="info" />
		<layout class="org.apache.log4j.PatternLayout">
			<param name="ConversionPattern"
				value="%d %-5p (%F:%L) - %m%n" />
		</layout>
	</appender>
	<!-- 配置全局日志daily.log -->
	<appender name="DAILY"
		class="org.apache.log4j.DailyRollingFileAppender">
		<param name="file"
			value="/home/pi/tanlog/monitor.log" />
		<param name="threshold" value="info" />
		<param name="append" value="true" />
		<layout class="org.apache.log4j.PatternLayout">
			<param name="ConversionPattern"
				value="%d %-5p (%F:%L) - %m%n" />
		</layout>
	</appender>
	<root>
		<appender-ref ref="STDOUT" />
		<appender-ref ref="DAILY" />
	</root>
</log4j:configuration>
